SET SQL_MODE = "NO_AUTO_VALUE_ON_ZERO";
START TRANSACTION;
SET time_zone = "+00:00";

/*!40101 SET @OLD_CHARACTER_SET_CLIENT=@@CHARACTER_SET_CLIENT */;
/*!40101 SET @OLD_CHARACTER_SET_RESULTS=@@CHARACTER_SET_RESULTS */;
/*!40101 SET @OLD_COLLATION_CONNECTION=@@COLLATION_CONNECTION */;
/*!40101 SET NAMES utf8mb4 */;

INSERT INTO `catalogoreporte` (`IdReporte`, `NombreReporte`) VALUES
(1, 'Proformas en general'),
(2, 'Proformas anuladas'),
(3, 'Apartados en general'),
(4, 'Apartados anulados'),
(5, 'Ordenes de servicio en general'),
(6, 'Ordenes de servicio anuladas'),
(7, 'Ventas en general'),
(8, 'Ventas anuladas'),
(9, 'Ventas por vendedor'),
(10, 'Resumen de ventas por línea'),
(11, 'Detalle de ventas por línea'),
(12, 'Devoluciones de clientes'),
(13, 'Devoluciones de clientes anuladas'),
(14, 'Reporte de costos de inventario'),
(15, 'Comparativo de ventas por periodo'),
(20, 'Compras en general'),
(21, 'Compras anuladas'),
(30, 'Cuentas por cobrar a clientes'),
(31, 'Cuentas por cobrar canceladas'),
(32, 'Cuentas por pagar a proveedores'),
(33, 'Cuentas por pagar canceladas'),
(34, 'Pagos a cuentas por cobrar de clientes'),
(35, 'Pagos a cuentas por pagar de proveedores'),
(40, 'Conciliación bancaria'),
(41, 'Resumen de movimientos'),
(42, 'Detalle de egresos'),
(43, 'Detalle de ingresos'),
(50, 'Documentos electrónicos emitidos'),
(51, 'Documentos electrónicos recibidos'),
(52, 'Resumen de comprobantes electrónicos');

INSERT INTO `clasecuentacontable` (`IdClaseCuenta`, `Descripcion`) VALUES
(1, 'Activo'),
(2, 'Pasivo'),
(3, 'Resultados'),
(4, 'Patrimonio');

INSERT INTO `clasificacionproducto` (`Id`, `Descripcion`, `Impuesto`) VALUES
('9512000020000', 'SERVICIOS PROPORCIONADOS POR ORGANIZACIONES PROFESIONALES, DISTINTOS AL PAGO DE MENSUALIDAD', 13),
('9520000000100', 'AFILIACIÓN Y MENSUALIDAD DE SINDICATOS', 0),
('9520000009900', 'SERVICIOS PROPORCIONADOS POR SINDICATOS, N.C.P.', 13),
('9591000000000', 'SERVICIOS RELIGIOSOS', 13),
('9592000000000', 'SERVICIOS PROPORCIONADOS POR ORGANIZACIONES POLÍTICAS', 13),
('9599100000000', 'SERVICIOS PROPORCIONADOS POR ORGANIZACIONES DE DERECHOS HUMANOS', 13),
('9599200000000', 'SERVICIOS PROPORCIONADOS POR GRUPOS DE DEFENSA AMBIENTAL', 13),
('9599300000000', 'SERVICIOS DE DEFENSA DE GRUPOS ESPECIALES, N.C.P.', 13),
('9599400000000', 'SERVICIOS DE APOYO PARA EL MEJORAMIENTO DEL COMPORTAMIENTO CÍVICO Y DE LAS INFRAESTRUCTURAS COMUNITARIAS, N.C.P.', 13),
('9599500000000', 'SERVICIOS SUMINISTRADOS POR ASOCIACIONES JUVENILES', 13),
('9599600000000', 'SERVICIOS DE ENTREGA DE SUBVENCIONES', 13),
('9599700000000', 'ASOCIACIONES CULTURALES Y RECREATIVAS (QUE NO SEAN DE DEPORTES O JUEGOS)', 13),
('9599800000000', 'ORGANIZACIONES CÍVICAS Y SOCIALES, N.C.P.', 13),
('9599900000000', 'SERVICIOS SUMINISTRADOS POR ASOCIACIONES, N.C.P.', 13),
('9611100000000', 'SERVICIOS DE GRABACIÓN DE SONIDO, EXCEPTO SERVICIOS DE GRABACIÓN EN VIVO', 13),
('9611200000000', 'SERVICIOS DE GRABACIÓN EN VIVO', 13),
('9611300000000', 'SERVICIOS DE GRABACIÓN ORIGINAL DE SONIDO', 13),
('9612100000000', 'SERVICIOS DE PRODUCCIÓN DE PROGRAMAS DE TELEVISIÓN, VIDEO Y ACTIVIDADES CINEMATOGRÁFICAS', 13),
('9612200000100', 'SERVICIOS DE PRODUCCIÓN DE PROGRAMAS CULTURALES DE RADIO', 0),
('9612200009900', 'SERVICIOS DE PRODUCCIÓN DE PROGRAMAS DE RADIO, EXCEPTO CULTURALES', 13),
('9612300000000', 'SERVICIOS DE PRODUCCIONES ORIGINALES DE PROGRAMAS DE TELEVISIÓN, VIDEO, RADIO Y ACTIVIDADES CINEMATOGRÁFICAS', 13),
('9613100000000', 'SERVICIOS DE EDICIÓN AUDIO-VISUAL', 13),
('9613200000000', 'SERVICIOS MAESTROS DE TRANSFERENCIA Y DUPLICACIÓN', 13),
('9613300000000', 'SERVICIOS DE RESTAURACIÓN DIGITAL Y CORRECCIÓN DE COLOR', 13),
('9613400000000', 'SERVICIOS DE EFECTOS VISUALES', 13),
('9613500000000', 'SERVICIOS DE ANIMACIÓN', 13),
('9613600000000', 'SERVICIOS DE TÍTULOS Y SUBTÍTULOS', 13),
('9613700000000', 'SERVICIOS DE EDICIÓN Y DISEÑO DE SONIDOS', 13),
('9613900000000', 'SERVICIOS DE POST-PRODUCCIÓN, N.C.P.', 13),
('9614000000000', 'SERVICIOS DE DISTRIBUCIÓN DE PROGRAMAS DE TELEVISIÓN, ACTIVIDADES CINEMATOGRÁFICAS Y DE VIDEO', 13),
('9615000000000', 'SERVICIOS DE PROYECCIÓN DE PELÍCULAS', 13),
('9621000000000', 'SERVICIOS DE PROMOCIÓN Y ORGANIZACIÓN DE EVENTOS DE ARTES ESCÉNICAS', 13),
('9622000000000', 'SERVICIOS DE PRODUCCIÓN Y PRESENTACIÓN DE EVENTOS DE ARTES ESCÉNICAS', 13),
('9623000000000', 'SERVICIOS DE FUNCIONAMIENTO DE INSTALACIONES PARA PRESENTACIONES ARTÍSTICAS', 13),
('9629000000000', 'SERVICIOS DE ARTES ESCÉNICAS Y ENTRETENIMIENTO EN VIVO, N.C.P.', 13),
('9631000000000', 'SERVICIOS DE ARTISTAS INTÉRPRETES', 13),
('9632000000000', 'SERVICIOS DE AUTORES, COMPOSITORES, ESCULTORES Y OTROS ARTISTAS, EXCEPTO LOS ARTISTAS INTÉRPRETES', 13),
('9633000000000', 'SERVICIOS DE AUTORES, COMPOSITORES Y OTROS ARTISTAS DE OBRAS ORIGINALES, EXCEPTO ARTISTAS INTÉRPRETES, PINTORES Y ESCULTORES', 13),
('9641100000000', 'SERVICIOS DE MUSEOS (EXCEPTO PRESERVACIÓN DE LUGARES Y EDIFICIOS HISTÓRICOS)', 13),
('9641200000000', 'SERVICIOS DE CONSERVACIÓN DE LUGARES Y EDIFICIOS HISTÓRICOS', 13),
('9642100000000', 'SERVICIOS DE JARDINES BOTÁNICOS Y ZOOLÓGICOS', 13),
('9642200000000', 'SERVICIOS DE RESERVAS NATURALES, INCLUIDA LA CONSERVACIÓN DE LA FAUNA SILVESTRE', 13),
('9651100000000', 'SERVICIOS DE PROMOCIÓN DE RECREACIÓN, DEPORTES Y EVENTOS DEPORTIVOS', 13),
('9651200000100', 'SERVICIOS DE CLUBES DE FÚTBOL', 13),
('9651200000200', 'SERVICIOS DE CLUBES DE BALONCESTO', 13),
('9651200000300', 'SERVICIOS DE CLUBES DE TENIS', 13),
('9651200000400', 'SERVICIOS DE CLUBES DE BOLOS', 13),
('9651200000500', 'SERVICIOS DE CLUBES DE NATACIÓN', 13),
('9651200000600', 'SERVICIOS DE CLUBES DE GOLF', 13),
('9651200000700', 'SERVICIOS DE CLUBES DE BOXEO', 13),
('9651200000800', 'SERVICIOS DE CLUBES DE ATLETISMO', 13),
('9651200000900', 'SERVICIOS DE CLUBES DE AJEDREZ', 13),
('9651200009900', 'SERVICIOS DE OTROS CLUBES DEPORTIVOS', 13),
('9652000000100', 'SERVICIOS DE PISCINAS', 13),
('9652000000200', 'SERVICIOS DE BOLICHES', 13),
('9652000000300', 'SERVICIOS DE PABELLONES DE BOXEO', 13),
('9652000000400', 'SERVICIOS DE CAMPOS DE GOLF', 13),
('9652000000500', 'ENTRADAS A EVENTOS DEPORTIVOS', 13),
('9652000009900', 'SERVICIOS DE FUNCIONAMIENTO DE INSTALACIONES PARA LA RECREACIÓN, DEPORTES Y EVENTOS DEPORTIVOS, N.C.P.', 13),
('9659000000000', 'SERVICIOS DE RECREACIÓN, DEPORTES Y EVENTOS DEPORTIVOS, N.C.P.', 13),
('9661000000000', 'SERVICIOS DE DEPORTISTAS', 13),
('9662000000000', 'SERVICIOS DE APOYO RELACIONADOS CON EL DEPORTE Y LA RECREACIÓN', 13),
('9691000000000', 'SERVICIOS DE PARQUES DE ATRACCIONES Y DIVERSIONES SIMILARES', 13),
('9692100000000', 'SERVICIOS DE JUEGOS DE AZAR EN LÍNEA', 13),
('9692900000000', 'SERVICIOS DE JUEGOS DE AZAR Y APUESTAS, N.C.P.', 13),
('9693000000000', 'SERVICIOS DE MÁQUINAS RECREATIVAS QUE FUNCIONAN CON MONEDAS', 13),
('9699000000000', 'SERVICIOS DE DIVERSIÓN Y ENTRETENIMIENTO, N.C.P.', 13),
('9711000000000', 'SERVICIOS DE MÁQUINAS DE LAVANDERÍA QUE FUNCIONAN CON MONEDAS', 13),
('9712000000000', 'SERVICIOS DE LAVADO EN SECO (INCLUSO LA LIMPIEZA DE ARTÍCULOS DE PELETERÍA)', 13),
('9713000000000', 'SERVICIOS DE LIMPIEZA DE PRODUCTOS TEXTILES, N.C.P.', 13),
('9714000000000', 'SERVICIOS DE PLANCHADO', 13),
('9715000000000', 'SERVICIOS DE TEÑIDO Y TINTE', 13),
('9721000000100', 'SERVICIOS DE CORTE DE CABELLO', 13),
('9721000000200', 'SERVICIOS DE AFEITADO Y RECORTE DE BARBA', 13),
('9721000000300', 'SERVICIOS DE TEÑIDO DE CABELLO', 13),
('9721000000400', 'SERVICIOS DE LAVADO Y PLANCHADO DE CABELLO', 13),
('9721000009900', 'SERVICIOS DE PELUQUERÍA Y BARBERÍA, N.C.P.', 13),
('9722001000000', 'SERVICIOS DE TRATAMIENTO COSMÉTICO', 13),
('9722002000000', 'SERVICIOS DE MANICURA Y PEDICURA', 13),
('9723000000100', 'SERVICIOS BRINDADOS POR ESTÉTICAS O SPA (TRATAMIENTOS PARA REDUCCIÓN Y ADELGAZAMIENTO, TRATAMIENTOS FACIALES, MASAJES, ENTRE OTROS, EXCLUYEN LOS TRATAMIENTOS MÉDICOS QUIRÚRGICOS)', 13),
('9723000000200', 'SERVICIOS DE GIMNASIOS', 13),
('9723000009900', 'SERVICIOS DE BIENESTAR FÍSICO, N.C.P.', 13),
('9729000000000', 'SERVICIOS DE TRATAMIENTO DE BELLEZA, N.C.P.', 13),
('9731000000000', 'SERVICIOS DE MANTENIMIENTO DE CEMENTERIOS Y SERVICIOS DE CREMACIÓN', 13),
('9732000000100', 'SERVICIOS DE ORGANIZACIÓN DE CEREMONIAS FÚNEBRES', 13),
('9732000000200', 'SERVICIOS DE SALONES FÚNEBRES', 13),
('9732000000300', 'SERVICIOS DE ENTIERRO DE RESTOS HUMANOS', 13),
('9732000000400', 'SERVICIOS DE EXHUMACIÓN DE RESTOS HUMANOS', 13),
('9732000000500', 'SERVICIOS DE EMBALSAMAMIENTO DE RESTOS HUMANOS', 13),
('9732000000600', 'SERVICIOS DE TRANSPORTE DE RESTOS HUMANOS', 13),
('9732000009900', 'SERVICIOS FUNERARIOS, N.C.P.', 13),
('9791000000000', 'SERVICIOS DE ACOMPAÑAMIENTO', 13),
('9799000000000', 'SERVICIOS DIVERSOS, N.C.P.', 13),
('9800000000000', 'SERVICIOS DOMÉSTICOS', 13),
('9900000000000', 'SERVICIOS PRESTADOS POR ORGANIZACIONES Y ÓRGANOS EXTRATERRITORIALES', 13);

INSERT INTO `condicionventa` (`IdCondicionVenta`, `Descripcion`) VALUES
(1, 'Contado'),
(2, 'Crédito'),
(3, 'Consignación'),
(4, 'Apartado'),
(5, 'Arrendamiento con opción de compra'),
(6, 'Arrendamiento en función financiera'),
(99, 'Otros');

INSERT INTO `distrito` (`IdProvincia`, `IdCanton`, `IdDistrito`, `Descripcion`) VALUES
(1, 1, 1, 'CARMEN'),
(1, 1, 2, 'MERCED'),
(1, 1, 3, 'HOSPITAL'),
(1, 1, 4, 'CATEDRAL'),
(1, 1, 5, 'ZAPOTE'),
(1, 1, 6, 'SAN FRANCISCO DE DOS RÍOS'),
(1, 1, 7, 'URUCA'),
(1, 1, 8, 'MATA REDONDA'),
(1, 1, 9, 'PAVAS'),
(1, 1, 10, 'HATILLO'),
(1, 1, 11, 'SAN SEBÁSTIAN'),
(1, 2, 1, 'ESCAZÚ'),
(1, 2, 2, 'SAN ANTONIO'),
(1, 2, 3, 'SAN RAFAEL'),
(1, 3, 1, 'DESAMPARADOS'),
(1, 3, 2, 'SAN MIGUEL'),
(1, 3, 3, 'SAN JUAN DE DIOS'),
(1, 3, 4, 'SAN RAFAÉL ARRIBA'),
(1, 3, 5, 'SAN ANTONIO'),
(1, 3, 6, 'FRAILES'),
(1, 3, 7, 'PATARRA'),
(1, 3, 8, 'SAN CRISTÓBAL'),
(1, 3, 9, 'ROSARIO'),
(1, 3, 10, 'DAMAS'),
(1, 3, 11, 'SAN RAFAÉL ABAJO'),
(1, 3, 12, 'GRAVILIAS'),
(1, 3, 13, 'LOS GUIDO'),
(1, 4, 1, 'SANTIAGO'),
(1, 4, 2, 'MERCEDES SUR'),
(1, 4, 3, 'BARBACOAS'),
(1, 4, 4, 'GRIFO ALTO'),
(1, 4, 5, 'SAN RAFAÉL'),
(1, 4, 6, 'CANDELARITA'),
(1, 4, 7, 'DESAMPARADITOS'),
(1, 4, 8, 'SAN ANTONIO'),
(1, 4, 9, 'CHIRES'),
(1, 5, 1, 'SAN MARCOS'),
(1, 5, 2, 'SAN LORENZO'),
(1, 5, 3, 'SAN CARLOS'),
(1, 6, 1, 'ASERRÍ'),
(1, 6, 2, 'TARBACA'),
(1, 6, 3, 'VUELTA DEL JORCO'),
(1, 6, 4, 'SAN GABRIEL'),
(1, 6, 5, 'LEGUA'),
(1, 6, 6, 'MONTERREY'),
(1, 6, 7, 'SALITRILLOS'),
(1, 7, 1, 'MORA'),
(1, 7, 2, 'GUAYABO'),
(1, 7, 3, 'TABARCIA'),
(1, 7, 4, 'PIEDRAS NEGRAS'),
(1, 7, 5, 'PICAGRES'),
(1, 7, 6, 'JARIS'),
(1, 7, 7, 'QUITIRRISI'),
(1, 8, 1, 'GUADALUPE'),
(1, 8, 2, 'SAN FRANCISCO'),
(1, 8, 3, 'CALLE BLANCOS'),
(1, 8, 4, 'MATA DE PLATANO'),
(1, 8, 5, 'IPIS'),
(1, 8, 6, 'RANCHO REDONDO'),
(1, 8, 7, 'PURRAL'),
(1, 9, 1, 'SANTA ANA'),
(1, 9, 2, 'SALITRAL'),
(1, 9, 3, 'POZOS'),
(1, 9, 4, 'URUCA'),
(1, 9, 5, 'PIEDADES'),
(1, 9, 6, 'PIEDADES'),
(1, 10, 1, 'ALAJUELITA'),
(1, 10, 2, 'SAN JOSECITO'),
(1, 10, 3, 'SAN ANTONIO'),
(1, 10, 4, 'CONCEPCIÓN'),
(1, 10, 5, 'SAN FELIPE'),
(1, 11, 1, 'SAN ISIDRO'),
(1, 11, 2, 'SAN RAFAÉL'),
(1, 11, 3, 'DULCE NOMBRE DE JESÚS'),
(1, 11, 4, 'PATALILLO'),
(1, 11, 5, 'CASCAJAL'),
(1, 12, 1, 'SAN IGNACIO'),
(1, 12, 2, 'GUAITIL'),
(1, 12, 3, 'PALMICHAL'),
(1, 12, 4, 'CANGREJAL'),
(1, 12, 5, 'SABANILLAS'),
(1, 13, 1, 'SAN JUAN'),
(1, 13, 2, 'CINCO ESQUINAS'),
(1, 13, 3, 'ANSELMO LLORENTE'),
(1, 13, 4, 'LEÓN XIII'),
(1, 13, 5, 'COLIMA'),
(1, 14, 1, 'SAN VICENTE'),
(1, 14, 2, 'SAN JERÓNIMO'),
(1, 14, 3, 'TRINIDAD'),
(1, 15, 1, 'SAN PEDRO'),
(1, 15, 2, 'SABANILLA'),
(1, 15, 3, 'BETANIA'),
(1, 15, 4, 'SAN RAFAÉL'),
(1, 16, 1, 'SAN PABLO'),
(1, 16, 2, 'SAN PEDRO'),
(1, 16, 3, 'SAN JUAN DE MATA'),
(1, 16, 4, 'SAN LUIS'),
(1, 16, 5, 'CARARA'),
(1, 17, 1, 'SANTA MARÍA'),
(1, 17, 2, 'JARDÍN'),
(1, 17, 3, 'COPEY'),
(1, 18, 1, 'CURRIDABAT'),
(1, 18, 2, 'GRANADILLA'),
(1, 18, 3, 'SÁNCHEZ'),
(1, 18, 4, 'TIRRASES'),
(1, 19, 1, 'SAN ISIDRO DE EL GENERAL'),
(1, 19, 2, 'GENERAL'),
(1, 19, 3, 'DANIEL FLORES'),
(1, 19, 4, 'RIVAS'),
(1, 19, 5, 'SAN PEDRO'),
(1, 19, 6, 'PLATANARES'),
(1, 19, 7, 'PEJIBAYE'),
(1, 19, 8, 'CAJÓN'),
(1, 19, 9, 'BARÚ'),
(1, 19, 10, 'RÍO NUEVO'),
(1, 19, 11, 'PÁRAMO'),
(1, 19, 12, 'LA AMISTAD'),
(1, 20, 1, 'SAN PABLO'),
(1, 20, 2, 'SAN ANDRÉS'),
(1, 20, 3, 'LLANO BONITO'),
(1, 20, 4, 'SAN ISIDRO'),
(1, 20, 5, 'SANTA CRUZ'),
(1, 20, 6, 'SAN ANTONIO'),
(2, 1, 1, 'ALAJUELA'),
(2, 1, 2, 'SAN JOSE'),
(2, 1, 3, 'CARRIZAL'),
(2, 1, 4, 'SAN ANTONIO'),
(2, 1, 5, 'GUACIMA'),
(2, 1, 6, 'SAN ISIDRO'),
(2, 1, 7, 'SABANILLA'),
(2, 1, 8, 'SAN RAFAEL'),
(2, 1, 9, 'RIO SEGUNDO'),
(2, 1, 10, 'DESAMPARADOS'),
(2, 1, 11, 'TURRUCARES'),
(2, 1, 12, 'TAMBOR'),
(2, 1, 13, 'GARITA'),
(2, 1, 14, 'SAN MIGUEL DE SARAPIQUI'),
(2, 2, 1, 'SAN RAMON'),
(2, 2, 2, 'SANTIAGO'),
(2, 2, 3, 'SAN JUAN'),
(2, 2, 4, 'PIEDADES NORTE'),
(2, 2, 5, 'PIEDADES SUR'),
(2, 2, 6, 'SAN RAFAEL'),
(2, 2, 7, 'SAN ISIDRO'),
(2, 2, 8, 'ANGELES'),
(2, 2, 9, 'ALFARO'),
(2, 2, 10, 'VOLIO'),
(2, 2, 11, 'CONCEPCION'),
(2, 2, 12, 'ZAPOTAL'),
(2, 2, 13, 'SAN ISIDRO DE PEÑAS BLANCAS'),
(2, 2, 14, 'SAN LORENZO'),
(2, 3, 1, 'GRECIA'),
(2, 3, 2, 'SAN ISIDRO'),
(2, 3, 3, 'SAN JOSE'),
(2, 3, 4, 'SAN ROQUE'),
(2, 3, 5, 'TACARES'),
(2, 3, 6, 'PUENTE DE PIEDRA'),
(2, 3, 7, 'BOLIVAR'),
(2, 4, 1, 'SAN MATEO'),
(2, 4, 2, 'DESMONTE'),
(2, 4, 3, 'JESUS MARIA'),
(2, 4, 4, 'LABRADOR'),
(2, 5, 1, 'ATENAS'),
(2, 5, 2, 'JESUS'),
(2, 5, 3, 'MERCEDES'),
(2, 5, 4, 'SAN ISIDRO'),
(2, 5, 5, 'CONCEPCION'),
(2, 5, 6, 'SAN JOSE'),
(2, 5, 7, 'SANTA EULALIA'),
(2, 5, 8, 'ESCOBAL'),
(2, 6, 1, 'NARANJO'),
(2, 6, 2, 'SAN MIGUEL'),
(2, 6, 3, 'SAN JOSE'),
(2, 6, 4, 'CIRRI SUR'),
(2, 6, 5, 'SAN JERONIMO'),
(2, 6, 6, 'SAN JUAN'),
(2, 6, 7, 'ROSARIO'),
(2, 6, 8, 'PALMITOS'),
(2, 7, 1, 'PALMARES'),
(2, 7, 2, 'ZARAGOZA'),
(2, 7, 3, 'BUENOS AIRES'),
(2, 7, 4, 'SANTIAGO'),
(2, 7, 5, 'CANDELARIA'),
(2, 7, 6, 'ESQUIPULAS'),
(2, 7, 7, 'GRANJA'),
(2, 8, 1, 'SAN PEDRO'),
(2, 8, 2, 'SAN JUAN'),
(2, 8, 3, 'SAN RAFAEL'),
(2, 8, 4, 'CARRILLOS'),
(2, 8, 5, 'SABANA REDONDA'),
(2, 9, 1, 'OROTINA'),
(2, 9, 2, 'MASTATE'),
(2, 9, 3, 'HACIENDA VIEJA'),
(2, 9, 4, 'COYOLAR'),
(2, 9, 5, 'CEIBA'),
(2, 10, 1, 'QUESADA'),
(2, 10, 2, 'FLORENCIA'),
(2, 10, 3, 'BUENAVISTA'),
(2, 10, 4, 'AGUAS ZARCAS'),
(2, 10, 5, 'VENECIA'),
(2, 10, 6, 'PITAL'),
(2, 10, 7, 'FORTUNA'),
(2, 10, 8, 'TIGRA'),
(2, 10, 9, 'PALMERA'),
(2, 10, 10, 'VENADO'),
(2, 10, 11, 'CUTRIS'),
(2, 10, 12, 'MONTERREY'),
(2, 10, 13, 'POCOSOL'),
(2, 11, 1, 'ZARCERO'),
(2, 11, 2, 'LAGUNA'),
(2, 11, 3, 'TAPEZCO'),
(2, 11, 4, 'GUADALUPE'),
(2, 11, 5, 'PALMIRA'),
(2, 11, 6, 'ZAPOTE'),
(2, 11, 7, 'BRISAS'),
(2, 12, 1, 'SARCHI NORTE'),
(2, 12, 2, 'SARCHI SUR'),
(2, 12, 3, 'TORO AMARILLO'),
(2, 12, 4, 'SAN PEDRO'),
(2, 12, 5, 'RODRIGUEZ'),
(2, 13, 1, 'UPALA'),
(2, 13, 2, 'AGUAS CLARAS'),
(2, 13, 3, 'SAN JOSE O PIZOTE'),
(2, 13, 4, 'BIJAGUA'),
(2, 13, 5, 'DELICIAS'),
(2, 13, 6, 'DOS RIOS'),
(2, 13, 7, 'YOLILLAL'),
(2, 13, 8, 'CANALETE'),
(2, 14, 1, 'LOS CHILES'),
(2, 14, 2, 'CAÑO NEGRO'),
(2, 14, 3, 'EL AMPARO'),
(2, 14, 4, 'SAN JORGE'),
(2, 15, 1, 'SAN RAFAEL'),
(2, 15, 2, 'BUENA VISTA'),
(2, 15, 3, 'COTE'),
(2, 15, 4, 'KATIRA'),
(2, 16, 1, 'RIO CUARTO'),
(3, 1, 1, 'ORIENTAL (CIUDAD DE CARTAGO PARTE)'),
(3, 1, 2, 'OCCIDENTAL (CIUDAD DE CARTAGO PARTE)'),
(3, 1, 3, 'CARMEN'),
(3, 1, 4, 'SAN NICOLAS'),
(3, 1, 5, 'AGUACALIENTE O SAN FRANCISCO'),
(3, 1, 6, 'GUADALUPE'),
(3, 1, 7, 'CORRALILLO'),
(3, 1, 8, 'TIERRA BLANCA'),
(3, 1, 9, 'DULCE NOMBRE'),
(3, 1, 10, 'LLANO GRANDE'),
(3, 1, 11, 'QUEBRADILLA'),
(3, 2, 1, 'PARAISO'),
(3, 2, 2, 'SANTIAGO'),
(3, 2, 3, 'OROSI'),
(3, 2, 4, 'CACHI'),
(3, 2, 5, 'LLANOS DE SANTA LUCIA'),
(3, 3, 1, 'TRES RIOS'),
(3, 3, 2, 'SAN DIEGO'),
(3, 3, 3, 'SAN JUAN'),
(3, 3, 4, 'SAN RAFAEL'),
(3, 3, 5, 'CONCEPCION'),
(3, 3, 6, 'DULCE NOMBRE'),
(3, 3, 7, 'SAN RAMON'),
(3, 3, 8, 'RIO AZUL'),
(3, 4, 1, 'JUAN VIÑAS'),
(3, 4, 2, 'TUCURRIQUE'),
(3, 4, 3, 'PEJIBAYE'),
(3, 5, 1, 'TURRIALBA'),
(3, 5, 2, 'LA SUIZA'),
(3, 5, 3, 'PERALTA'),
(3, 5, 4, 'SANTA CRUZ'),
(3, 5, 5, 'SANTA TERESITA'),
(3, 5, 6, 'PAVONES'),
(3, 5, 7, 'TUIS'),
(3, 5, 8, 'TAYUTIC'),
(3, 5, 9, 'SANTA ROSA'),
(3, 5, 10, 'TRES EQUIS'),
(3, 5, 11, 'ISABEL'),
(3, 5, 12, 'CHIRRIPO'),
(3, 6, 1, 'PACAYAS'),
(3, 6, 2, 'CERVANTES'),
(3, 6, 3, 'CAPELLADES'),
(3, 7, 1, 'SAN RAFAEL'),
(3, 7, 2, 'COT'),
(3, 7, 3, 'POTRERO CERRADO'),
(3, 7, 4, 'CIPRESES'),
(3, 7, 5, 'SANTA ROSA'),
(3, 8, 1, 'TEJAR'),
(3, 8, 2, 'SAN ISIDRO'),
(3, 8, 3, 'TOBOSI'),
(3, 8, 4, 'PATIO DE AGUA'),
(4, 1, 1, 'HEREDIA'),
(4, 1, 2, 'MERCEDES'),
(4, 1, 3, 'SAN FRANCISCO'),
(4, 1, 4, 'ULLOA O BARREAL'),
(4, 1, 5, 'VARA BLANCA'),
(4, 2, 1, 'BARVA'),
(4, 2, 2, 'SAN PEDRO'),
(4, 2, 3, 'SAN PABLO'),
(4, 2, 4, 'SAN ROQUE'),
(4, 2, 5, 'SANTA LUCIA'),
(4, 2, 6, 'SAN JOSE DE LA MONTAÑA'),
(4, 3, 1, 'SANTO DOMINGO'),
(4, 3, 2, 'SAN VICENTE'),
(4, 3, 3, 'SAN MIGUEL'),
(4, 3, 4, 'PARACITO'),
(4, 3, 5, 'SANTO TOMAS'),
(4, 3, 6, 'SANTA ROSA'),
(4, 3, 7, 'TURES'),
(4, 3, 8, 'PARA'),
(4, 4, 1, 'SANTA BARBARA'),
(4, 4, 2, 'SAN PEDRO'),
(4, 4, 3, 'SAN JUAN'),
(4, 4, 4, 'JESUS'),
(4, 4, 5, 'SANTO DOMINGO'),
(4, 4, 6, 'PURABA'),
(4, 5, 1, 'SAN RAFAEL'),
(4, 5, 2, 'SAN JOSECITO'),
(4, 5, 3, 'SANTIAGO'),
(4, 5, 4, 'ANGELES'),
(4, 5, 5, 'CONCEPCION'),
(4, 6, 1, 'SAN ISIDRO'),
(4, 6, 2, 'SAN JOSE'),
(4, 6, 3, 'CONCEPCION'),
(4, 6, 4, 'SAN FRANCISO'),
(4, 7, 1, 'SAN ANTONIO'),
(4, 7, 2, 'RIVERA'),
(4, 7, 3, 'ASUNCION'),
(4, 8, 1, 'SAN JOAQUIN'),
(4, 8, 2, 'BARRANTES'),
(4, 8, 3, 'LLORENTE'),
(4, 9, 1, 'SAN PABLO'),
(4, 9, 2, 'RINCON DE SABANILLA'),
(4, 10, 1, 'PUERTO VIEJO SARAPIQUI'),
(4, 10, 2, 'LA VIRGEN'),
(4, 10, 3, 'HORQUETAS'),
(4, 10, 4, 'LLANURAS DEL GASPAR'),
(4, 10, 5, 'CUREÑA'),
(5, 1, 1, 'LIBERIA'),
(5, 1, 2, 'CAÑAS DULCES'),
(5, 1, 3, 'MAYORGA'),
(5, 1, 4, 'NACASCOLO'),
(5, 1, 5, 'CURUBANDE'),
(5, 2, 1, 'NICOYA'),
(5, 2, 2, 'MANSION'),
(5, 2, 3, 'SAN ANTONIO'),
(5, 2, 4, 'QUEBRADA HONDA'),
(5, 2, 5, 'SAMARA'),
(5, 2, 6, 'NOSARA'),
(5, 2, 7, 'BELEN DE NOSARITA'),
(5, 3, 1, 'SANTA CRUZ'),
(5, 3, 2, 'BOLSON'),
(5, 3, 3, 'VEINTISIETE DE ABRIL'),
(5, 3, 4, 'TEMPATE'),
(5, 3, 5, 'CARTAGENA'),
(5, 3, 6, 'CUAJINIQUIL'),
(5, 3, 7, 'DIRIA'),
(5, 3, 8, 'CABO VELAS'),
(5, 3, 9, 'TAMARINDO'),
(5, 4, 1, 'BAGACES'),
(5, 4, 2, 'FORTUNA'),
(5, 4, 3, 'MOGOTE'),
(5, 4, 4, 'RIO NARANJO'),
(5, 5, 1, 'FILADELFIA'),
(5, 5, 2, 'PALMIRA'),
(5, 5, 3, 'SARDINAL'),
(5, 5, 4, 'BELEN'),
(5, 6, 1, 'CAÑAS'),
(5, 6, 2, 'PALMIRA'),
(5, 6, 3, 'SAN MIGUEL'),
(5, 6, 4, 'BEBEDERO'),
(5, 6, 5, 'POROZAL'),
(5, 7, 1, 'JUNTAS'),
(5, 7, 2, 'SIERRA'),
(5, 7, 3, 'SAN JUAN'),
(5, 7, 4, 'COLORADO'),
(5, 8, 1, 'TILARAN'),
(5, 8, 2, 'QUEBRADA GRANDE'),
(5, 8, 3, 'TRONADORA'),
(5, 8, 4, 'SANTA ROSA'),
(5, 8, 5, 'LIBANO'),
(5, 8, 6, 'TIERRAS MORENAS'),
(5, 8, 7, 'ARENAL'),
(5, 9, 1, 'CARMONA'),
(5, 9, 2, 'SANTA RITA'),
(5, 9, 3, 'ZAPOTAL'),
(5, 9, 4, 'SAN PABLO'),
(5, 9, 5, 'PROVENIR'),
(5, 9, 6, 'BEJUCO'),
(5, 10, 1, 'LA CRUZ'),
(5, 10, 2, 'SANTA CECILIA'),
(5, 10, 3, 'GARITA'),
(5, 10, 4, 'SANTA ELENA'),
(5, 11, 1, 'HOJANCHA'),
(5, 11, 2, 'MONTE ROMO'),
(5, 11, 3, 'PUERTO CARRILLO'),
(5, 11, 4, 'HUACAS'),
(6, 1, 1, 'PUNTARENAS'),
(6, 1, 2, 'PITAHAYA'),
(6, 1, 3, 'CHOMES'),
(6, 1, 4, 'LEPANTO'),
(6, 1, 5, 'PAQUERA'),
(6, 1, 6, 'MANZANILLO'),
(6, 1, 7, 'GUACIMAL'),
(6, 1, 8, 'BARRANCA'),
(6, 1, 9, 'MONTE VERDE'),
(6, 1, 10, 'ISLA DEL COCO'),
(6, 1, 11, 'COBANO'),
(6, 1, 12, 'CHACARITA'),
(6, 1, 13, 'CHIRA'),
(6, 1, 14, 'ACAPULCO'),
(6, 1, 15, 'EL ROBLE'),
(6, 1, 16, 'ARANCIBIA'),
(6, 2, 1, 'ESPIRITU SANTO'),
(6, 2, 2, 'SAN JUAN GRANDE'),
(6, 2, 3, 'MACACONA'),
(6, 2, 4, 'SAN RAFAEL'),
(6, 2, 5, 'SAN JERONIMO'),
(6, 2, 6, 'CALDERA'),
(6, 3, 1, 'BUENOS AIRES'),
(6, 3, 2, 'VOLCAN'),
(6, 3, 3, 'POTRERO GRANDE'),
(6, 3, 4, 'BORUCA'),
(6, 3, 5, 'PILAS'),
(6, 3, 6, 'COLINAS'),
(6, 3, 7, 'CHANGUENA'),
(6, 3, 8, 'BIOLLEY'),
(6, 3, 9, 'BRUNKA'),
(6, 4, 1, 'MIRAMAR'),
(6, 4, 2, 'UNION'),
(6, 4, 3, 'SAN ISIDRO'),
(6, 5, 1, 'PUERTO CORTES'),
(6, 5, 2, 'PALMAR'),
(6, 5, 3, 'SIERPE'),
(6, 5, 4, 'BAHIA BALLENA'),
(6, 5, 5, 'PIEDRAS BLANCAS'),
(6, 5, 6, 'BAHÍA DRAKE'),
(6, 6, 1, 'QUEPOS'),
(6, 6, 2, 'SAVEGRE'),
(6, 6, 3, 'NARANJITO'),
(6, 7, 1, 'GOLFITO'),
(6, 7, 2, 'PUERTO JIMENEZ'),
(6, 7, 3, 'GUAYCARA'),
(6, 7, 4, 'PAVON'),
(6, 8, 1, 'SAN VITO'),
(6, 8, 2, 'SABALITO'),
(6, 8, 3, 'AGUABUENA'),
(6, 8, 4, 'LIMONCITO'),
(6, 8, 5, 'PITTIER'),
(6, 8, 6, 'GUTIERREZ BRAUN'),
(6, 9, 1, 'PARRITA'),
(6, 10, 1, 'CORREDOR'),
(6, 10, 2, 'LA CUESTA'),
(6, 10, 3, 'CANOAS'),
(6, 10, 4, 'LAUREL'),
(6, 11, 1, 'JACO'),
(6, 11, 2, 'TARCOLES'),
(7, 1, 1, 'LIMON'),
(7, 1, 2, 'VALLE LA ESTRELLA'),
(7, 1, 3, 'RIO BLANCO'),
(7, 1, 4, 'MATAMA'),
(7, 2, 1, 'GUAPILES'),
(7, 2, 2, 'JIMENEZ'),
(7, 2, 3, 'RITA'),
(7, 2, 4, 'ROXANA'),
(7, 2, 5, 'CARIARI'),
(7, 2, 6, 'COLORADO'),
(7, 2, 7, 'LA COLONIA'),
(7, 3, 1, 'SIQUIRRES'),
(7, 3, 2, 'PACUARITO'),
(7, 3, 3, 'FLORIDA'),
(7, 3, 4, 'GERMANIA'),
(7, 3, 5, 'CAIRO'),
(7, 3, 6, 'ALEGRIA'),
(7, 4, 1, 'BRATSI'),
(7, 4, 2, 'SIXAOLA'),
(7, 4, 3, 'CAHUITA'),
(7, 4, 4, 'TELIRE'),
(7, 5, 1, 'MATINA'),
(7, 5, 2, 'BATAAN'),
(7, 5, 3, 'CARANDI'),
(7, 6, 1, 'GUACIMO'),
(7, 6, 2, 'MERCEDES'),
(7, 6, 3, 'POCORA'),
(7, 6, 4, 'RIO JIMENEZ'),
(7, 6, 5, 'DUCARI');

INSERT INTO `formapago` (`IdFormaPago`, `Descripcion`) VALUES
(1, 'Efectivo'),
(2, 'Tarjeta'),
(3, 'Cheque'),
(4, 'Transferencia - Dep. Bancario'),
(5, 'Racaudado por terceros'),
(99, 'Otros');

INSERT INTO `parametroexoneracion` (`IdTipoExoneracion`, `Descripcion`) VALUES
(1, 'Compras Autorizadas'),
(2, 'Ventas exentas a diplomáticos'),
(3, 'Autorizado por Ley Especial'),
(4, 'Exenciones Direccion General de Hacienda'),
(5, 'Transitorio V'),
(6, 'Transitorio IX'),
(7, 'Transitorio XVII'),
(8, 'Otros');

INSERT INTO `parametroimpuesto` (`IdImpuesto`, `Descripcion`, `TasaImpuesto`) VALUES
(1, 'Tarifa 0% (Exento)', 0),
(2, 'Tarifa Reducida 1%', 1),
(3, 'Tarifa Reducida 2%', 2),
(4, 'Tarifa Reducida 4%', 4),
(5, 'Transitorio 0%', 0),
(6, 'Transitorio 4%', 4),
(7, 'Transitorio 8%', 8),
(8, 'Tarifa General 13%', 13);

INSERT INTO `parametrosistema` (`IdParametro`, `Descripcion`, `Valor`) VALUES
(1, 'Version', '5.5.6.0'),
(2, 'UltimaEjecucion', '10-06-2024 16:12:18'),
(3, 'UltimaEjecucionCorreo', '10-06-2024 16:12:18'),
(5, 'Modo mantenimiento', 'NO');

INSERT INTO `planfacturacion` (`IdPlan`, `Descripcion`, `CantidadDocumentos`) VALUES
(1, 'Plan 50 documentos', 0),
(2, 'Plan 100 documentos', 0),
(3, 'Plan PYMES 1', 300),
(4, 'Plan PYMES 2', 750),
(5, 'Plan Empresarial 1', 1000),
(6, 'Plan Empresarial 2', 1750),
(7, 'Plan Empresarial 3', 2500),
(8, 'Plan Empresarial 4', 10000),
(9, 'Plan Empresarial PRO', 1000000000);

INSERT INTO `provincia` (`IdProvincia`, `Descripcion`) VALUES
(1, 'SAN JOSE'),
(2, 'ALAJUELA'),
(3, 'CARTAGO'),
(4, 'HEREDIA'),
(5, 'GUANACASTE'),
(6, 'PUNTARENAS'),
(7, 'LIMON');

INSERT INTO `role` (`IdRole`, `Nombre`, `MenuPadre`, `MenuItem`, `Descripcion`) VALUES
(1, 'ADMINISTRADOR', '', '', 'Concede permisos de administrador'),
(2, 'CONTADOR', '', '', 'Acceso al sistema de reportes para contabilidad'),
(48, 'Selecciona sucursal para consulta', '', '', 'Permite seleccionar la sucursal para la consulta de movimientos'),
(49, 'Anulación de registros', '', '', 'Permite anular transacciones en general'),
(50, 'Modifica descripción del producto', '', '', 'Permite modificar la descripción del producto por facturar'),
(51, 'Modifica condición de crédito del cliente', '', '', 'Permite modificar la condición de crédito de un cliente'),
(52, 'Modifica precio de venta', '', '', 'Permite modificar el precio de venta del producto por facturar'),
(53, 'Cierre Diario', 'mnuArchivo', 'mnuArchivoCierre', 'Permite ejecutar el cierre diario'),
(54, 'Consulta Cierre Diario', 'mnuArchivo', 'MnuArchivoConsultaCierre', 'Permite consultar el histórico del cierre diario'),
(55, 'Módulo de Registro de Ingresos', 'mnuArchivo', 'MnuArchivoIngreso', 'Permite registrar los movimientos de ingresos'),
(56, 'Módulo de Registro de Egresos', 'mnuArchivo', 'MnuArchivoEgreso', 'Permite registrar los movimientos de egresos'),
(57, 'Menu de Reportes', 'mnuArchivo', 'MnuArchivoReporte', 'Permite acceder el menu de reportes'),
(58, 'Parametrización Contable de Servicios', 'MnuParam', 'MnuParamPC', 'Permite parametrizar los servicios con las cuentas contables respectivas'),
(59, 'Parametrización de Bancos Adquirientes', 'MnuParam', 'MnuParamBA', 'Permite parametrizar los bancos adquirientes'),
(60, 'Parametrización de Cuentas Bancarias', 'MnuParam', 'MnuParamCB', 'Permite parametrizar las cuentas bancarias'),
(61, 'Parametrización de Empresa', 'MnuParam', 'MnuParamEmpresa', 'Permite parametrizar la información de la empresa'),
(100, 'Mantenimiento de Clientes', 'MnuMant', 'MnuMantCliente', 'Permite acceder al catalogo de clientes'),
(101, 'Mantenimiento de Líneas', 'MnuMant', 'MnuMantLinea', 'Permite acceder al catalogo de líneas'),
(102, 'Mantenimiento de Proveedores', 'MnuMant', 'MnuMantProveedor', 'Permite acceder al catalogo de proveedores'),
(103, 'Mantenimiento de Productos', 'MnuMant', 'MnuMantProducto', 'Permite acceder al catalogo de productos'),
(104, 'Mantenimiento de Usuarios', 'MnuMant', 'MnuMantUsuario', 'Permite crear y parametrizar usuarios del sistema'),
(105, 'Mantenimiento de Cuentas de Ingreso', 'MnuMant', 'MnuMantCI', 'Permite acceder al catalogo de cuenta de ingresos'),
(106, 'Mantenimiento de Cuentas de Egreso', 'MnuMant', 'MnuMantCE', 'Permite acceder al catalogo de cuenta de egresos'),
(107, 'Mantenimiento de Vendedores', 'MnuMant', 'MnuMantVend', 'Permite acceder al catalogo de vendedores de la empresa'),
(108, 'Mantenimiento del Catalogo Contable', 'MnuMant', 'MnuMantCC', 'Permite actualizar los datos de las cuentas del catálogo contable'),
(109, 'Mantenimiento del Inventario', 'MnuMant', 'MnuMantInv', 'Permite acceder al módulo del inventario'),
(110, 'Mantenimiento de puntos de servicio', 'MnuMant', 'MnuMantPuntServicio', 'Permite acceder al mantenimiento de los puntos disponibles para servicio'),
(200, 'Módulo de Proformas', 'MnuCaptura', 'MnuCapturaProforma', 'Permite registrar las proformas'),
(201, 'Módulo de Ordenes de Servicio', 'MnuCaptura', 'MnuCapturaOrdenServicio', 'Permite registrar las ordenes de servicio'),
(202, 'Módulo de Apartados', 'MnuCaptura', 'MnuCapturaApartado', 'Permite registrar los registros de apartados'),
(203, 'Módulo de Facturación', 'MnuCaptura', 'MnuCapturaFactura', 'Permite registrar la Facturación'),
(204, 'Módulo de Devoluciones de Clientes', 'MnuCaptura', 'MnuDevolucionCliente', 'Registra movimientos de devoluciones de producto de clientes'),
(250, 'Módulo de Compras', 'MnuCompra', 'MnuCompraRegistro', 'Permite registrar las Compras'),
(251, 'Módulo de Ordenes de Compra', 'MnuCompra', 'MnuCompraOrden', 'Permite registrar las ordenes de compra'),
(252, 'Módulo de Devoluciones a Provedores', 'MnuCompra', 'MnuCompraDevolucion', 'Registra movimientos de devoluciones de producto a proveedores'),
(253, 'Módulo de Ingreso de Traslados', 'MnuCompra', 'MnuCompraTraslado', 'Permite registrar los traslados de mercancias'),
(254, 'Módulo de Aplicación de Traslados', 'MnuCompra', 'MnuCompraAplicTraslado', 'Permite aplicar el registro de traslado'),
(255, 'Módulo de Ajustes al Inventario', 'MnuCompra', 'MnuCompraAjusteInv', 'Permite registrar los ajustes de inventario'),
(256, 'Reactivar tiquete de orden servicio para impresión', 'MnuCaptura', 'MnuCapturaReimprimirTiquete', 'Permite reestablecer un tiquete de orden de servicio para ser reimpreso'),
(300, 'Aplicación de Pagos a Cuentas por Cobrar', 'MnuCC', 'MnuApRCxC', 'Permite aplicar un abono a cuentas por cobrar'),
(301, 'Aplicación de Pagos a Cuentas por Pagar', 'MnuCC', 'MnuApRCxP', 'Permite aplicar un abono a cuentas por pagar'),
(302, 'Gestión de Movimientos de Cuentas por Cobrar', 'MnuCC', 'MnuAnRCxC', 'Permite imprimir o anular un abono de una Cuentas por Cobrar'),
(303, 'Gestión de Movimientos de Cuentas por Pagar', 'MnuCC', 'MnuAnRCxP', 'Permite imprimir o anular un abono de una Cuentas por Pagar'),
(304, 'Aplicación de Pagos a Apartados', 'MnuCC', 'MnuApRApartado', 'Permite aplicar un abono a un apartado'),
(305, 'Aplicación de Pagos a Ordenes de Servicio', 'MnuCC', 'MnuApROrdenServicio', 'Permite aplicar un abono a una orden de servicio'),
(306, 'Gestión de Movimientos de Apartados', 'MnuCC', 'MnuAnRApartado', 'Permite imprimir o anular un abono de un aparado'),
(307, 'Gestión de Movimientos de Ordenes de Servicio', 'MnuCC', 'MnuAnROrdenServicio', 'Permite imprimir o anular un abono de una orden de servicio'),
(350, 'Módulo de movimientos en Cuentas Bancarias', 'MnuBC', 'MnuBCMov', 'Permite registrar movimientos sobre cuentas bancarias'),
(351, 'Módulo de Asientos Contables', 'MnuConta', 'MnuContaAsiento', 'Permite registrar y actualizar asientos contables de la empresa'),
(352, 'Módulo de Cierre Contable', 'MnuConta', 'MnuContaCierre', 'Permite realizar el cierre mensual contable'),
(353, 'Módulo de Reportes Contables', 'MnuConta', 'MnuContaReporte', 'Permite acceder al menu de reportes contable'),
(400, 'Registro de Factura de Compra', 'MnuDocElect', 'MnuDocElectFC', 'Permite registrar facturas de compra electrónicas'),
(401, 'Consulta de Documentos Electrónicos Pendientes', 'MnuDocElect', 'MnuDocElectCDE', 'Permite consultar documentos pendientes de procesar'),
(402, 'Consulta de Documentos Electrónicos Procesados', 'MnuDocElect', 'MnuDocElectRDE', 'Permite revisar documentos procesados'),
(403, 'Documentos Electrónicos', 'MnuDocElect', 'MnuDocElectADE', 'Permite registrar facturas electrónicas recibidas');

INSERT INTO `tipoidentificacion` (`IdTipoIdentificacion`, `Descripcion`) VALUES
(0, 'Cédula Física'),
(1, 'Cédula Jurídica'),
(2, 'DIMEX'),
(3, 'NITE');

INSERT INTO `tipomoneda` (`IdTipoMoneda`, `Descripcion`) VALUES
(1, 'Colones'),
(2, 'Dólares');

INSERT INTO `tipomovimientobanco` (`IdTipoMov`, `DebeHaber`, `Descripcion`) VALUES
(1, 'D', 'Cheque Saliente'),
(2, 'C', 'Depósito Entrante'),
(3, 'C', 'Inversión'),
(4, 'D', 'Nota Débito'),
(5, 'C', 'Nota Crédito'),
(6, 'C', 'Cheque Entrante'),
(7, 'D', 'Depósito Saliente');

INSERT INTO `tipoparametrocontable` (`IdTipo`, `Descripcion`, `MultiCuenta`) VALUES
(1, 'Ingresos Ventas', b'0'),
(2, 'Costos de Ventas', b'0'),
(3, 'IVA Por Pagar', b'0'),
(4, 'Líneas de Producto', b'1'),
(5, 'Líneas de Servicios', b'1'),
(6, 'Cuentas de Bancos', b'1'),
(7, 'Efectivo', b'0'),
(8, 'Otras Condiciones de venta', b'0'),
(9, 'Cuentas por Cobrar Clientes', b'0'),
(10, 'Cuentas por Cobrar Tarjeta', b'0'),
(11, 'Gastos/Comisión Tarjeta', b'0'),
(12, 'Cuentas por Pagar Proveedores', b'0'),
(13, 'Cuentas por Cobrar Proveedores', b'0'),
(14, 'Cuentas de Ingresos', b'1'),
(15, 'Cuentas de Egresos', b'1'),
(16, 'Traslados', b'1'),
(17, 'Cuenta de Perdidas/Ganancias', b'0'),
(18, 'Cuenta por Pagar Particulares', b'0');

INSERT INTO `tipoproducto` (`IdTipoProducto`, `Descripcion`) VALUES
(1, 'Productos'),
(2, 'Servicios Profesionales'),
(3, 'Otros Servicios'),
(4, 'Transitorio');

COMMIT;

/*!40101 SET CHARACTER_SET_CLIENT=@OLD_CHARACTER_SET_CLIENT */;
/*!40101 SET CHARACTER_SET_RESULTS=@OLD_CHARACTER_SET_RESULTS */;
/*!40101 SET COLLATION_CONNECTION=@OLD_COLLATION_CONNECTION */;
